{
    "Virginia": [
        "1048.5809",
        "1048.5809",
        "1048.5809",
        "1048.5809",
        "1048.5809",
        "1048.5809"
    ],
    "New York": [
        305.8882008272059,
        1125.4081801470588,
        65.75901596966912,
        2177.3446174172796,
        2398.652544806985,
        392.9129538143382,
        6331.841674086627,
        2856.522616038603,
        162.40536822150736,
        164.95688763786765,
        2222.426642922794,
        2738.7257697610294,
        506.3956456801471,
        4449.3747213924635,
        545.5952665441176,
        260.84655043658086,
        690.3466595818014,
        3070.245148782169,
        2736.374827665441,
        302.13864315257354,
        3157.978685087316,
        279.81720473345587,
        299.6494255514706,
        201.12546530330883,
        129.47531594669118,
        346.07338292738973,
        335.18365981158087,
        581.8697179457721,
        947.1227338005515,
        778.8516328699449,
        71.40122357536765,
        1060.4495232077206,
        2797.587221392463,
        1266.7113137637868,
        4.075689338235295,
        125.8621639476103,
        830.26298828125,
        202.3848747702206,
        811.9770450367647,
        7739.596390129538,
        7905.017497702206,
        156.0002757352941,
        503.2633702895221,
        696.4074850643383,
        879.8289924172794,
        469.94109604779413,
        1967.09306640625,
        1172.5629997702206,
        504.0151740579044,
        2974.368727022059
    ],
    "New Jersey": [
        1138.3705648983225,
        760.097518382353,
        1430.7362189797793,
        1604.0986615349266,
        1973.057963292739,
        975.8595117905561,
        617.8695369944853,
        2910.894231818704,
        701.3400821461397,
        61.02118278952206,
        5946.234788602941,
        214.95218864889705,
        4504.5161944221045,
        1303.1751637178309,
        309.66781939338233,
        1666.143052404067,
        7614.350275735294,
        1512.3916116153493,
        852.9858685661765,
        1637.663322538488,
        1132.2127936868108,
        421.3836138556985,
        1772.8654117359833,
        324.5204015395221,
        15362.712224264706,
        811.6211296530331,
        5116.763396139706,
        3561.112374159869,
        2806.9616325827205,
        998.3124569163602,
        1374.573154225069,
        8721.68270335478,
        29.128346162683822,
        1875.4457462086398,
        2359.7284237132353,
        689.4391659007352,
        469.55146197150736,
        1114.2906767003676,
        1838.0373061236214,
        536.6354104434743,
        12676.001665900736,
        1864.7939338235294,
        875.5901079963236,
        1080.2072595932905,
        6045.355460133272,
        8868.183519071692,
        10015.218198529412,
        5654.510265395221,
        1393.4061351102941,
        417.88567612591913
    ],
    "Delaware": [
        48.35978285845588,
        21.132406975241267,
        53.25555222455193,
        71.43608613855699,
        5.325250064625459,
        60.48288789636948,
        16.040024342256434,
        213.70249885110294,
        47.70630457261029,
        20.597389490464156,
        210.14254617130055,
        167.4290107278263,
        32.16354064941406,
        1.2820140165441176,
        68.79589377010569,
        3.0091836368336398,
        14.683244413488051,
        13.798584881950827,
        65.41893651625689,
        32.38902839211857,
        61.35985484403722,
        29.654236019358915,
        558.9356725356158,
        237.8936678718118,
        155.0597354215734,
        42.94810629451976,
        215.9828440946691,
        124.72697089700138,
        7.997083596622242,
        184.03718459185433,
        137.53064988080192,
        0.6158865535960478,
        76.32090561810662,
        47.88037899241728,
        8.64288330078125,
        43.19132080078125,
        14.561540132410386,
        81.62497576545266,
        130.1742971981273,
        43.295576028262865,
        275.4549593981575,
        211.2617368810317,
        276.34943266475904,
        153.2798142377068,
        90.11417146570543,
        87.29046541101792,
        38.889871395335476,
        41.992283361098345,
        1.9285601447610294,
        16.785817045323988
    ],
    "Maryland": [
        37.121123908547794,
        88.62733010684742,
        282.16659258674173,
        89.08551384420956,
        411.64074563419115,
        82.89011445886949,
        298.88963551240806,
        431.45097799862134,
        22.147366153492648,
        36.93770392922794,
        908.5333970013787,
        125.03256261488971,
        757.8081209070542,
        81.594969626034,
        15.916560633042279,
        223.91422909007352,
        189.09922880284927,
        213.11695197610294,
        224.99254222196691,
        87.81615349264706,
        19.090089326746323,
        3.5543837603400736,
        39.14761244829963,
        200.18708711511948,
        260.1589089786305,
        100.57909438189338,
        94.08083208869485,
        202.22359116498163,
        812.4864555807675,
        146.53587933708639,
        65.54021857766544,
        221.7074951171875,
        158.167578125,
        67.19804902918199,
        171.08136919806986,
        115.22469769646139,
        1.4758631089154413,
        78.66808292164522,
        123.10311422909007,
        68.73076387293199,
        48.854733455882354,
        127.65487383674173,
        55.68995145909926,
        28.648298196231618,
        182.52405790441176,
        126.20689194623162,
        435.24409466911766,
        352.0608200970818,
        152.50987189797794,
        107.82028952205883
    ],
    "Pennsylvania": [
        158.5581241383272,
        135.7408633961397,
        283.14039522058823,
        216.96854032628676,
        454.4853889016544,
        630.1686810661764,
        2712.1699922168955,
        255.20294404871325,
        320.3468491498162,
        52.33498965992647,
        3289.0527586095473,
        278.79540728400735,
        608.1661649816176,
        215.10821748621325,
        2216.6626981847426,
        2512.1223920036764,
        236.31604147518382,
        137.61081830193015,
        1370.8686494715073,
        463.56511374080884,
        1524.11630859375,
        720.1056468290441,
        75.64787741268383,
        36.06483800551471,
        333.07168255974267,
        303.3644100413603,
        116.81823874080882,
        711.6537454044118,
        600.587442555147,
        1995.3571791704962,
        523.7407585592831,
        722.4998779296875,
        469.7998247931985,
        2180.1567526424633,
        552.550430836397,
        5.6813447840073525,
        498.2048181870404,
        79.41747472426471,
        75.61788832720588,
        384.3319048713235,
        644.982657398897,
        174.29173224954044,
        1.745461856617647,
        29.03888442095588,
        2707.938430185353,
        297.0398638556985,
        264.1361672794118,
        100.76270105698529,
        352.04928193933824,
        241.35731560202206
    ],