{
    "Virginia": 1406.1800963537285,
    "New York": 4464.512402439252,
    "New Jersey": 3063.39620521816,
    "Delaware": 232.13144808871243,
    "Maryland": 781.4359269276408,
    "Pennsylvania": 2746.5383234460146,
    "West Virginia": 423.70345889747153
}