{
    "Virginia": 1977342.4633813812,
    "New York": 19931870.9915339,
    "New Jersey": 9384396.310145024,
    "Delaware": 53885.0091917626,
    "Maryland": 610642.1078932612,
    "Pennsylvania": 7543472.762157645,
    "West Virginia": 179524.62108168137
}